tutinh,kholay,NgayLTC,khung_gio_tao_don,ly_do_tre_12h,sellername,vol_ltc,tuan,vung,ot,Tuần,AM,Khung giờ tạo,Đơn trễ
Lâm Đồng,Bưu Cục Thôn R'Chai 2-Xã Đức Trọng-Lâm Đồng,2026-06-14,2.Tạo từ 9h-19h,1.Gan_tre,Hồng Xương,1,25,NTB,0,W24,Trầm Hữu Tiến,1.Tạo từ 9h-19h,1
Đắk Nông,Bưu Cục Đắk Mil-Đắk Nông,2026-06-14,1.Tạo trước 9h,3.Không liên lạc được,Thẻ Thu Phí Không Dừng VETC,1,25,NTB,0,W24,Trần Thị Nhung,2.Tạo từ 19h-9h,1
Bình Thuận,Bưu cục Thị Trấn Liên Hương-Tuy Phong-Bình Thuận,2026-06-14,2.Tạo từ 9h-19h,0.Ontime OPR,Khanh0202,1,25,NTB,1,W24,Nguyễn Duy Long,1.Tạo từ 9h-19h,0
Khánh Hòa,Bưu Cục 70 Lê Hồng Phong-Ninh Diêm-Ninh Hoà-Khánh Hoà,2026-06-14,2.Tạo từ 9h-19h,0.Ontime OPR,minh hoàng shop 2015,1,25,NTB,1,W24,Phạm Bá Thành Công,1.Tạo từ 9h-19h,0
Lâm Đồng,Bưu Cục 300 Tự Phước-Đà Lạt-Lâm Đồng,2026-06-14,2.Tạo từ 9h-19h,4.Khác,DALATFARM1994,3,25,NTB,0,W24,Lê Văn Trường,1.Tạo từ 9h-19h,3
Lâm Đồng,Bưu Cục Số 6 Trương Văn Hoàn-Phường 9-Đà Lạt-Lâm Đồng,2026-06-14,2.Tạo từ 9h-19h,2.Khách hẹn lại,Dalat Japan - Hàng Nhật,1,25,NTB,0,W24,Lê Văn Trường,1.Tạo từ 9h-19h,1
Lâm Đồng,Bưu Cục 44B Nguyễn Đình Chiểu-Đạ Teh-Lâm Đồng,2026-06-14,2.Tạo từ 9h-19h,0.Ontime OPR,Điện Máy Tổng Hợp 24h,17,25,NTB,17,W24,Huỳnh Tấn Hiền,1.Tạo từ 9h-19h,0
Ninh Thuận,Bưu Cục 95 Thống Nhất-Phan Rang-Ninh Thuận,2026-06-14,2.Tạo từ 9h-19h,0.Ontime OPR,FRM NUTS,2,25,NTB,2,W24,Nguyễn Duy Long,1.Tạo từ 9h-19h,0
Khánh Hòa,Bưu Cục 195 Đường 2/4-Nha Trang-Khánh Hòa,2026-06-14,2.Tạo từ 9h-19h,0.Ontime OPR,Trum tang vong 1,1,25,NTB,1,W24,Phạm Bá Thành Công,1.Tạo từ 9h-19h,0
Khánh Hòa,Bưu Cục Tổ Dân Phố 2-Ninh Hoà-Khánh Hoà,2026-06-14,2.Tạo từ 9h-19h,0.Ontime OPR,Tý Nhân,9,25,NTB,9,W24,Phạm Bá Thành Công,1.Tạo từ 9h-19h,0
Khánh Hòa,Bưu Cục 70 Lê Hồng Phong-Ninh Diêm-Ninh Hoà-Khánh Hoà,2026-06-14,1.Tạo trước 9h,3.Không liên lạc được,Như - Ý SeaFood,1,25,NTB,0,W24,Phạm Bá Thành Công,2.Tạo từ 19h-9h,1
Khánh Hòa,Bưu Cục 195 Đường 2/4-Nha Trang-Khánh Hòa,2026-06-14,2.Tạo từ 9h-19h,0.Ontime OPR,Trà thảo mộc Bát Tiên Gan,6,25,NTB,6,W24,Phạm Bá Thành Công,1.Tạo từ 9h-19h,0
Lâm Đồng,Bưu Cục Cao Bá Quát-Phường 7-Đà Lạt-Lâm Đồng,2026-06-14,1.Tạo trước 9h,4.Khác,VTNN Duy Tân.,2,25,NTB,0,W24,Lê Minh Đại,2.Tạo từ 19h-9h,2
Ninh Thuận,Bưu Cục 95 Thống Nhất-Phan Rang-Ninh Thuận,2026-06-14,2.Tạo từ 9h-19h,0.Ontime OPR,trang thu phụ kiện tết,1,25,NTB,1,W24,Nguyễn Duy Long,1.Tạo từ 9h-19h,0
Lâm Đồng,Bưu Cục Đạ Huoai-Lâm Đồng,2026-06-14,2.Tạo từ 9h-19h,0.Ontime OPR,Văn Thức Shop 49,22,25,NTB,22,W24,Huỳnh Tấn Hiền,1.Tạo từ 9h-19h,0
Khánh Hòa,Bưu Cục 56 Phan Đình Phùng-Cam Linh-Khánh Hòa,2026-06-14,2.Tạo từ 9h-19h,0.Ontime OPR,Quầy Thuốc Huyền My 1,2,25,NTB,2,W24,Thái Thị Thanh Thư,1.Tạo từ 9h-19h,0
Đắk Nông,Bưu Cục 53 Tôn Đức Thắng-Nghĩa Thành-Gia Nghĩa-Đắk Nông,2026-06-14,2.Tạo từ 9h-19h,0.Ontime OPR,Zozo Shop 1339,3,25,NTB,3,W24,Trần Văn Phước,1.Tạo từ 9h-19h,0
Lâm Đồng,Bưu cục Ngô Thỳ Sỹ-Đà Lạt-Lâm Đồng,2026-06-14,1.Tạo trước 9h,4.Khác,ĐẶC SẢN XỨ ĐÀ LẠT,1,25,NTB,0,W24,Lê Minh Đại,2.Tạo từ 19h-9h,1
Lâm Đồng,Bưu Cục 468 Quốc Lộ 20-Liên Nghĩa-Đức Trọng-Lâm Đồng,2026-06-14,3.Tạo sau 19h,4.Khác,Shop mũ nón Ngọc Hạnh,1,25,NTB,0,W24,Trầm Hữu Tiến,2.Tạo từ 19h-9h,1
Bình Thuận,Bưu Cục Phú Tài-Phan Thiết-Bình Thuận,2026-06-14,3.Tạo sau 19h,4.Khác,Kho Sỉ Giá Gốc,2,25,NTB,0,W24,Nguyễn Ngọc Khánh,2.Tạo từ 19h-9h,2
Đắk Nông,Bưu Cục Quốc Lộ 14-Đức An-Đắk Song-Đăk Nông,2026-06-14,3.Tạo sau 19h,4.Khác,Phụ Tùng Xe Máy Đăng Nguyên,1,25,NTB,0,W24,Trần Thị Nhung,2.Tạo từ 19h-9h,1
Ninh Thuận,Bưu Cục 26A Lê Duẩn-Ninh Sơn-Ninh Thuận,2026-06-14,1.Tạo trước 9h,4.Khác,Nhang Hiệp Hưng,90,25,NTB,0,W24,Nguyễn Duy Long,2.Tạo từ 19h-9h,90
Khánh Hòa,Bưu Cục 56 Phan Đình Phùng-Cam Linh-Khánh Hòa,2026-06-14,2.Tạo từ 9h-19h,0.Ontime OPR,THAOMOCTAMGARDEN,2,25,NTB,2,W24,Thái Thị Thanh Thư,1.Tạo từ 9h-19h,0
Lâm Đồng,Bưu Cục 412 Nguyễn Văn Cừ-Lộc Phát-Bảo Lộc-Lâm Đồng,2026-06-14,1.Tạo trước 9h,0.Ontime OPR,VTNN Việt Minh Xanh,1,25,NTB,1,W24,Hồng Bích Nga,2.Tạo từ 19h-9h,0
Lâm Đồng,Bưu Cục Thôn R'Chai 2-Xã Đức Trọng-Lâm Đồng,2026-06-14,1.Tạo trước 9h,4.Khác,Hồng Xương,2,25,NTB,0,W24,Trầm Hữu Tiến,2.Tạo từ 19h-9h,2
Bình Thuận,Bưu Cục Phú Tài-Phan Thiết-Bình Thuận,2026-06-14,3.Tạo sau 19h,0.Ontime OPR,Golden Farm Vietnam,2,25,NTB,2,W24,Nguyễn Ngọc Khánh,2.Tạo từ 19h-9h,0
Bình Thuận,Bưu Cục Số 7 Lê Thánh Tôn-LaGi-Bình Thuận,2026-06-14,3.Tạo sau 19h,0.Ontime OPR,Máy Đảo Thuốc Gia Long,7,25,NTB,7,W24,Huỳnh Tấn Hiền,2.Tạo từ 19h-9h,0
Bình Thuận,Bưu Cục 237 Nguyễn Tất Thành-Bắc Bình-Bình Thuận,2026-06-14,1.Tạo trước 9h,0.Ontime OPR,SảnPhẩmNôngnghiệp,15,25,NTB,15,W24,Nguyễn Ngọc Khánh,2.Tạo từ 19h-9h,0
Bình Thuận,Bưu Cục Số 7 Lê Thánh Tôn-LaGi-Bình Thuận,2026-06-14,2.Tạo từ 9h-19h,0.Ontime OPR,Nông Nghiệp Thịnh Vượng 30,5,25,NTB,5,W24,Huỳnh Tấn Hiền,1.Tạo từ 9h-19h,0
Ninh Thuận,Bưu Cục Quốc Lộ 1A-Ninh Phước-Ninh Thuận,2026-06-14,2.Tạo từ 9h-19h,0.Ontime OPR,SALA Gốm Chăm,1,25,NTB,1,W24,Nguyễn Duy Long,1.Tạo từ 9h-19h,0
Đắk Nông,Bưu Cục Hùng Vương-Nghĩa Trung-Gia Nghĩa-Đắk Nông,2026-06-14,1.Tạo trước 9h,4.Khác,Racing 945 Shop,1,25,NTB,0,W24,Trần Công Hậu,2.Tạo từ 19h-9h,1
Đắk Nông,Bưu Cục Hùng Vương-Nghĩa Trung-Gia Nghĩa-Đắk Nông,2026-06-14,2.Tạo từ 9h-19h,4.Khác,CM Store Live,3,25,NTB,0,W24,Trần Công Hậu,1.Tạo từ 9h-19h,3
Bình Thuận,Bưu Cục Phú Thủy-Phan Thiết-Bình Thuận,2026-06-14,2.Tạo từ 9h-19h,0.Ontime OPR,Phụ Kiện Girls Xinh,22,25,NTB,22,W24,Nguyễn Ngọc Khánh,1.Tạo từ 9h-19h,0
Lâm Đồng,Bưu Cục 190/11 Phù Đổng Thiên Vương-Phường 8-Đà Lạt-Lâm Đồng,2026-06-14,2.Tạo từ 9h-19h,0.Ontime OPR,Ari Koi Store,6,25,NTB,6,W24,Lê Văn Trường,1.Tạo từ 9h-19h,0
Bình Thuận,Bưu Cục Số 7 Lê Thánh Tôn-LaGi-Bình Thuận,2026-06-14,1.Tạo trước 9h,0.Ontime OPR,Nông Nghiệp 86,1,25,NTB,1,W24,Huỳnh Tấn Hiền,2.Tạo từ 19h-9h,0
Bình Thuận,Bưu Cục 158 Quốc lộ 55-Tánh Linh-Bình Thuận,2026-06-14,1.Tạo trước 9h,0.Ontime OPR,phụ tùng Lê Trung.,1,25,NTB,1,W24,Huỳnh Tấn Hiền,2.Tạo từ 19h-9h,0
Khánh Hòa,Bưu Cục Thôn Phú An Nam 2-Xã Diên Khánh-Khánh Hòa,2026-06-14,3.Tạo sau 19h,0.Ontime OPR,Mr Nghiệp - Đặc Sản 79 Food,2,25,NTB,2,W24,Nguyễn Hoàng Phi,2.Tạo từ 19h-9h,0
Khánh Hòa,Bưu Cục Đường 35 Hà Quang 1-Xã Nam Nha Trang-Khánh Hòa,2026-06-14,1.Tạo trước 9h,4.Khác,chuyên sỉ và lẻ lốp xe,2,25,NTB,0,W24,Thái Thị Thanh Thư,2.Tạo từ 19h-9h,2
Ninh Thuận,Bưu Cục 254A Đường 21 tháng 8-Phan Rang-Tháp Chàm-Ninh Thuận,2026-06-14,2.Tạo từ 9h-19h,0.Ontime OPR,Kho Hàng Tổng Hợp AT,8,25,NTB,8,W24,Nguyễn Duy Long,1.Tạo từ 9h-19h,0
Lâm Đồng,Bưu Cục Đạ Huoai-Lâm Đồng,2026-06-14,2.Tạo từ 9h-19h,0.Ontime OPR,ĐỒ ĐI RỪNG 49,10,25,NTB,10,W24,Huỳnh Tấn Hiền,1.Tạo từ 9h-19h,0
Khánh Hòa,Bưu Cục 42 Nguyễn Du-Cam Lâm-Khánh Hoà,2026-06-14,2.Tạo từ 9h-19h,0.Ontime OPR,Ăn vặt HoàBình,9,25,NTB,9,W24,Nguyễn Thanh Long,1.Tạo từ 9h-19h,0
Bình Thuận,Bưu Cục Phú Thủy-Phan Thiết-Bình Thuận,2026-06-14,2.Tạo từ 9h-19h,0.Ontime OPR,ÚT DIỆP TRANG SỨC,1,25,NTB,1,W24,Nguyễn Ngọc Khánh,1.Tạo từ 9h-19h,0
Khánh Hòa,Bưu Cục 195 Đường 2/4-Nha Trang-Khánh Hòa,2026-06-14,2.Tạo từ 9h-19h,3.Không liên lạc được,Guitar Sol Thăng,1,25,NTB,0,W24,Phạm Bá Thành Công,1.Tạo từ 9h-19h,1
Bình Thuận,Bưu Cục Phú Thủy-Phan Thiết-Bình Thuận,2026-06-14,2.Tạo từ 9h-19h,0.Ontime OPR,Lara Ơi,1,25,NTB,1,W24,Nguyễn Ngọc Khánh,1.Tạo từ 9h-19h,0
Lâm Đồng,Bưu Cục 95A Đội Cấn-Bảo Lộc-Lâm Đồng,2026-06-14,2.Tạo từ 9h-19h,2.Khách hẹn lại,TỔNG KHO HÀNG LD,27,25,NTB,0,W24,Hồng Bích Nga,1.Tạo từ 9h-19h,27
Đắk Nông,Bưu Cục 53 Tôn Đức Thắng-Nghĩa Thành-Gia Nghĩa-Đắk Nông,2026-06-14,3.Tạo sau 19h,4.Khác,Zozo Shop 1339,3,25,NTB,0,W24,Trần Văn Phước,2.Tạo từ 19h-9h,3
Khánh Hòa,Bưu Cục 195 Đường 2/4-Nha Trang-Khánh Hòa,2026-06-14,2.Tạo từ 9h-19h,0.Ontime OPR,Gia dụng VIệt - Cozy Home,12,25,NTB,12,W24,Phạm Bá Thành Công,1.Tạo từ 9h-19h,0
Bình Thuận,Bưu Cục 16 Huỳnh Thúc Kháng-Phan Thiết-Bình Thuận,2026-06-14,2.Tạo từ 9h-19h,0.Ontime OPR,Cami.cosmetic,4,25,NTB,4,W24,Nguyễn Ngọc Khánh,1.Tạo từ 9h-19h,0
Bình Thuận,Bưu cục Thị Trấn Liên Hương-Tuy Phong-Bình Thuận,2026-06-14,2.Tạo từ 9h-19h,0.Ontime OPR,Kim's Shopp,5,25,NTB,5,W24,Nguyễn Duy Long,1.Tạo từ 9h-19h,0
Lâm Đồng,Bưu Cục TDP Ba Đình-Lâm Hà-Lâm Đồng,2026-06-14,2.Tạo từ 9h-19h,0.Ontime OPR,Tienmy.Store,3,25,NTB,3,W24,Huỳnh Thị Kim Chi,1.Tạo từ 9h-19h,0
Lâm Đồng,Bưu cục 1479 Trần Phú-Lộc Châu-Bảo Lộc-Lâm Đồng,2026-06-14,2.Tạo từ 9h-19h,0.Ontime OPR,LUNASTORES SHOPss,2,25,NTB,2,W24,Nguyễn Lê Nguyên Vũ,1.Tạo từ 9h-19h,0
Lâm Đồng,Bưu Cục 44B Nguyễn Đình Chiểu-Đạ Teh-Lâm Đồng,2026-06-14,2.Tạo từ 9h-19h,0.Ontime OPR,Nấm Store LD,3,25,NTB,3,W24,Huỳnh Tấn Hiền,1.Tạo từ 9h-19h,0
Ninh Thuận,Bưu Cục Quốc Lộ 1A-Ninh Phước-Ninh Thuận,2026-06-14,1.Tạo trước 9h,0.Ontime OPR,Nông trại Hoàng Yến,20,25,NTB,20,W24,Nguyễn Duy Long,2.Tạo từ 19h-9h,0
Ninh Thuận,Bưu Cục Quốc Lộ 1A-Ninh Phước-Ninh Thuận,2026-06-14,2.Tạo từ 9h-19h,0.Ontime OPR,Đặc sản Ninh thuận. Vũ farm,1,25,NTB,1,W24,Nguyễn Duy Long,1.Tạo từ 9h-19h,0
Ninh Thuận,Bưu Cục 254A Đường 21 tháng 8-Phan Rang-Tháp Chàm-Ninh Thuận,2026-06-14,1.Tạo trước 9h,0.Ontime OPR,Cây giống nha đam,1,25,NTB,1,W24,Nguyễn Duy Long,2.Tạo từ 19h-9h,0
Đắk Nông,Bưu Cục Đắk Mil-Đắk Nông,2026-06-14,3.Tạo sau 19h,3.Không liên lạc được,Thẻ Thu Phí Không Dừng VETC,1,25,NTB,0,W24,Trần Thị Nhung,2.Tạo từ 19h-9h,1
Bình Thuận,Bưu Cục Xã Nam Chính-Đức Linh-Bình Thuận,2026-06-14,1.Tạo trước 9h,0.Ontime OPR,Quách Tỉnh 13,1,25,NTB,1,W24,Huỳnh Tấn Hiền,2.Tạo từ 19h-9h,0
Bình Thuận,Bưu Cục Xã Nam Chính-Đức Linh-Bình Thuận,2026-06-14,1.Tạo trước 9h,0.Ontime OPR,shop B&B....,1,25,NTB,1,W24,Huỳnh Tấn Hiền,2.Tạo từ 19h-9h,0
Ninh Thuận,Bưu Cục Quốc Lộ 1A-Ninh Phước-Ninh Thuận,2026-06-14,2.Tạo từ 9h-19h,2.Khách hẹn lại,Trại Nho Giống Hoàng Thi,2,25,NTB,0,W24,Nguyễn Duy Long,1.Tạo từ 9h-19h,2
Lâm Đồng,Bưu Cục Cao Bá Quát-Phường 7-Đà Lạt-Lâm Đồng,2026-06-14,1.Tạo trước 9h,4.Khác,SHOP HOAI THUN.,14,25,NTB,0,W24,Lê Minh Đại,2.Tạo từ 19h-9h,14
Lâm Đồng,Bưu Cục Cao Bá Quát-Phường 7-Đà Lạt-Lâm Đồng,2026-06-14,1.Tạo trước 9h,4.Khác,Langfarm - Đặc Sản Chất Lượng,8,25,NTB,0,W24,Lê Minh Đại,2.Tạo từ 19h-9h,8
Ninh Thuận,Bưu Cục Quốc Lộ 1A-Ninh Phước-Ninh Thuận,2026-06-14,1.Tạo trước 9h,0.Ontime OPR,YẾN BIGSIZE UNISEX,3,25,NTB,3,W24,Nguyễn Duy Long,2.Tạo từ 19h-9h,0
Khánh Hòa,Bưu Cục 195 Đường 2/4-Nha Trang-Khánh Hòa,2026-06-14,2.Tạo từ 9h-19h,0.Ontime OPR,Mồi Cóc Trương Lê,1,25,NTB,1,W24,Phạm Bá Thành Công,1.Tạo từ 9h-19h,0
Ninh Thuận,Bưu Cục 95 Thống Nhất-Phan Rang-Ninh Thuận,2026-06-14,2.Tạo từ 9h-19h,0.Ontime OPR,Thùy Trang OCOP Ninh Thuận,1,25,NTB,1,W24,Nguyễn Duy Long,1.Tạo từ 9h-19h,0
Bình Thuận,Bưu Cục Xã Nam Chính-Đức Linh-Bình Thuận,2026-06-14,2.Tạo từ 9h-19h,0.Ontime OPR,ShopVinhThuySang,4,25,NTB,4,W24,Huỳnh Tấn Hiền,1.Tạo từ 9h-19h,0
Bình Thuận,Bưu Cục Hàm Liêm-Hàm Thuận Bắc-Bình Thuận,2026-06-14,2.Tạo từ 9h-19h,0.Ontime OPR,Thuận Phát - Thuốc Cây Trồng,9,25,NTB,9,W24,Nguyễn Ngọc Khánh,1.Tạo từ 9h-19h,0
Đắk Nông,Bưu Cục Quốc Lộ 14-Đức An-Đắk Song-Đăk Nông,2026-06-14,2.Tạo từ 9h-19h,0.Ontime OPR,1990 CAFE,2,25,NTB,2,W24,Trần Thị Nhung,1.Tạo từ 9h-19h,0
Bình Thuận,Bưu Cục Số 7 Lê Thánh Tôn-LaGi-Bình Thuận,2026-06-14,1.Tạo trước 9h,0.Ontime OPR,Máy Đảo Thuốc Gia Long,2,25,NTB,2,W24,Huỳnh Tấn Hiền,2.Tạo từ 19h-9h,0
Lâm Đồng,Bưu Cục 468 Quốc Lộ 20-Liên Nghĩa-Đức Trọng-Lâm Đồng,2026-06-14,1.Tạo trước 9h,4.Khác,Vườn Bi Ve,1,25,NTB,0,W24,Trầm Hữu Tiến,2.Tạo từ 19h-9h,1
Lâm Đồng,Bưu Cục Cao Bá Quát-Phường 7-Đà Lạt-Lâm Đồng,2026-06-14,2.Tạo từ 9h-19h,0.Ontime OPR,VTNN Duy Tân.,1,25,NTB,1,W24,Lê Minh Đại,1.Tạo từ 9h-19h,0
Lâm Đồng,Bưu Cục Đạ Huoai-Lâm Đồng,2026-06-14,2.Tạo từ 9h-19h,0.Ontime OPR,Cửa hàng đồ bẫy 49,1,25,NTB,1,W24,Huỳnh Tấn Hiền,1.Tạo từ 9h-19h,0
Bình Thuận,Bưu cục DT707-Hàm Thuận Nam-Bình Thuận,2026-06-14,3.Tạo sau 19h,4.Khác,Minh Hạnh Shop 3,1,25,NTB,0,W24,Lê Thanh Nhựt,2.Tạo từ 19h-9h,1
Bình Thuận,Bưu Cục 585 Nguyễn Tất Thành-Xã Lương Sơn-Bình Thuận,2026-06-14,2.Tạo từ 9h-19h,0.Ontime OPR,Oanh Thái đồ mặc nhà,10,25,NTB,10,W24,Nguyễn Ngọc Khánh,1.Tạo từ 9h-19h,0
Bình Thuận,Bưu Cục Phú Tài-Phan Thiết-Bình Thuận,2026-06-14,2.Tạo từ 9h-19h,0.Ontime OPR,Nhà Phân Phối Ngọc Phúc,1,25,NTB,1,W24,Nguyễn Ngọc Khánh,1.Tạo từ 9h-19h,0
Ninh Thuận,Bưu Cục 26A Lê Duẩn-Ninh Sơn-Ninh Thuận,2026-06-14,1.Tạo trước 9h,0.Ontime OPR,Đồ ngâm Huế,2,25,NTB,2,W24,Nguyễn Duy Long,2.Tạo từ 19h-9h,0
Khánh Hòa,Bưu Cục Đường Tỉnh Lộ 10-Xã Diên Thọ-Khánh Hòa,2026-06-14,3.Tạo sau 19h,0.Ontime OPR,Quầy thuốc Y Đức,1,25,NTB,1,W24,Nguyễn Hoàng Phi,2.Tạo từ 19h-9h,0
Lâm Đồng,Bưu Cục TDP Ba Đình-Lâm Hà-Lâm Đồng,2026-06-14,3.Tạo sau 19h,4.Khác,Racing 49,2,25,NTB,0,W24,Huỳnh Thị Kim Chi,2.Tạo từ 19h-9h,2
Khánh Hòa,Bưu Cục 56 Phan Đình Phùng-Cam Linh-Khánh Hòa,2026-06-14,2.Tạo từ 9h-19h,0.Ontime OPR,THE CÓI,12,25,NTB,12,W24,Thái Thị Thanh Thư,1.Tạo từ 9h-19h,0
Khánh Hòa,Bưu Cục Đường Tỉnh Lộ 10-Xã Diên Thọ-Khánh Hòa,2026-06-14,3.Tạo sau 19h,2.Khách hẹn lại,In Ảnh Tráng Gương Kim Yến,3,25,NTB,0,W24,Nguyễn Hoàng Phi,2.Tạo từ 19h-9h,3
Ninh Thuận,Bưu Cục Quốc Lộ 1A-Ninh Phước-Ninh Thuận,2026-06-14,2.Tạo từ 9h-19h,0.Ontime OPR,Pessi Food,7,25,NTB,7,W24,Nguyễn Duy Long,1.Tạo từ 9h-19h,0
Lâm Đồng,Bưu Cục Đạ Huoai-Lâm Đồng,2026-06-14,2.Tạo từ 9h-19h,0.Ontime OPR,Chuyên Bẫy Lưới,1,25,NTB,1,W24,Huỳnh Tấn Hiền,1.Tạo từ 9h-19h,0
Lâm Đồng,Bưu Cục Lê Hồng Phong-Liên Hiệp-Đức Trọng-Lâm Đồng,2026-06-14,2.Tạo từ 9h-19h,0.Ontime OPR,HOÀNG  PP SHOP,4,25,NTB,4,W24,Võ Tấn Lợi,1.Tạo từ 9h-19h,0
Khánh Hòa,Bưu Cục Tổ Dân Phố 2-Ninh Hoà-Khánh Hoà,2026-06-14,2.Tạo từ 9h-19h,0.Ontime OPR,Đặc sản KhánhHòa,1,25,NTB,1,W24,Phạm Bá Thành Công,1.Tạo từ 9h-19h,0
Khánh Hòa,Bưu Cục Thôn Phú An Nam 2-Xã Diên Khánh-Khánh Hòa,2026-06-14,2.Tạo từ 9h-19h,1.Gan_tre,Mr Nghiệp - Đặc Sản 79 Food,3,25,NTB,0,W24,Nguyễn Hoàng Phi,1.Tạo từ 9h-19h,3
Bình Thuận,Bưu Cục Hàm Liêm-Hàm Thuận Bắc-Bình Thuận,2026-06-14,3.Tạo sau 19h,4.Khác,Shop Của Duyên.,1,25,NTB,0,W24,Nguyễn Ngọc Khánh,2.Tạo từ 19h-9h,1
Lâm Đồng,Bưu Cục 412 Nguyễn Văn Cừ-Lộc Phát-Bảo Lộc-Lâm Đồng,2026-06-14,2.Tạo từ 9h-19h,0.Ontime OPR,Thư Ú Mall,5,25,NTB,5,W24,Hồng Bích Nga,1.Tạo từ 9h-19h,0
Lâm Đồng,Bưu Cục TDP Ba Đình-Lâm Hà-Lâm Đồng,2026-06-14,2.Tạo từ 9h-19h,0.Ontime OPR,Xưởng In Ngoan Xinh Yêu,2,25,NTB,2,W24,Huỳnh Thị Kim Chi,1.Tạo từ 9h-19h,0
Lâm Đồng,Bưu Cục Đạ Huoai-Lâm Đồng,2026-06-14,2.Tạo từ 9h-19h,0.Ontime OPR,Thế Giới Đ Bẫy - STORE,6,25,NTB,6,W24,Huỳnh Tấn Hiền,1.Tạo từ 9h-19h,0
Khánh Hòa,Bưu Cục 229 Phước Long-Nam Nha Trang-Khánh Hòa,2026-06-14,2.Tạo từ 9h-19h,4.Khác,Toán Thầy Hùng kênh 2,1,25,NTB,0,W24,Thái Thị Thanh Thư,1.Tạo từ 9h-19h,1
Bình Thuận,Bưu Cục 46 Hùng Vương-Hàm Tân-Bình Thuận,2026-06-14,3.Tạo sau 19h,2.Khách hẹn lại,Ni Pu Squishy,15,25,NTB,0,W24,Lê Thanh Nhựt,2.Tạo từ 19h-9h,15
Ninh Thuận,Bưu Cục 95 Thống Nhất-Phan Rang-Ninh Thuận,2026-06-14,3.Tạo sau 19h,4.Khác,Lâm riewiew,4,25,NTB,0,W24,Nguyễn Duy Long,2.Tạo từ 19h-9h,4
Bình Thuận,Bưu Cục 237 Nguyễn Tất Thành-Bắc Bình-Bình Thuận,2026-06-14,3.Tạo sau 19h,4.Khác,Bônggạo96,1,25,NTB,0,W24,Nguyễn Ngọc Khánh,2.Tạo từ 19h-9h,1
Đắk Nông,Bưu Cục 40 Nguyễn Văn Linh-Cư Jút-Đắk Nông,2026-06-14,2.Tạo từ 9h-19h,0.Ontime OPR,Crochet Heoiuu,1,25,NTB,1,W24,Trần Thị Nhung,1.Tạo từ 9h-19h,0
Lâm Đồng,Bưu Cục 300 Tự Phước-Đà Lạt-Lâm Đồng,2026-06-14,1.Tạo trước 9h,4.Khác,DALATFARM1994,10,25,NTB,0,W24,Lê Văn Trường,2.Tạo từ 19h-9h,10
Lâm Đồng,Bưu Cục 95A Đội Cấn-Bảo Lộc-Lâm Đồng,2026-06-14,2.Tạo từ 9h-19h,2.Khách hẹn lại,Bơ 034 bảo lộc,25,25,NTB,0,W24,Hồng Bích Nga,1.Tạo từ 9h-19h,25
Lâm Đồng,Bưu Cục 300 Tự Phước-Đà Lạt-Lâm Đồng,2026-06-14,2.Tạo từ 9h-19h,4.Khác,Tiệm An Hạ - Đặc sản Đà Lạt,1,25,NTB,0,W24,Lê Văn Trường,1.Tạo từ 9h-19h,1
Đắk Nông,Điểm Xử Lý Hàng Thôn 2-Xã Nhân Cơ-Đắk Nông,2026-06-14,1.Tạo trước 9h,4.Khác,Nông Nghiệp 4 Mùa,8,25,NTB,0,W24,Trần Văn Phước,2.Tạo từ 19h-9h,8
Bình Thuận,Bưu Cục Phú Tài-Phan Thiết-Bình Thuận,2026-06-14,2.Tạo từ 9h-19h,0.Ontime OPR,PHANTHIETFOOD 02,10,25,NTB,10,W24,Nguyễn Ngọc Khánh,1.Tạo từ 9h-19h,0
Khánh Hòa,Bưu Cục 466 Đường 23/10-Nha Trang-Khánh Hòa,2026-06-14,1.Tạo trước 9h,0.Ontime OPR,Shop Đồ Bộ Hằng,4,25,NTB,4,W24,Phan Đình Duy,2.Tạo từ 19h-9h,0
Lâm Đồng,Bưu Cục TDP Ba Đình-Lâm Hà-Lâm Đồng,2026-06-14,2.Tạo từ 9h-19h,1.Gan_tre,Xưởng In Ngoan Xinh Yêu,2,25,NTB,0,W24,Huỳnh Thị Kim Chi,1.Tạo từ 9h-19h,2
Lâm Đồng,Bưu cục Ngô Thỳ Sỹ-Đà Lạt-Lâm Đồng,2026-06-14,3.Tạo sau 19h,1.Gan_tre,ĐẶC SẢN XỨ ĐÀ LẠT,1,25,NTB,0,W24,Lê Minh Đại,2.Tạo từ 19h-9h,1
Bình Thuận,Bưu cục Thị Trấn Liên Hương-Tuy Phong-Bình Thuận,2026-06-14,2.Tạo từ 9h-19h,0.Ontime OPR,Tiệm Ảnh Nhà Bông,5,25,NTB,5,W24,Nguyễn Duy Long,1.Tạo từ 9h-19h,0
Lâm Đồng,Bưu Cục Đạ Huoai-Lâm Đồng,2026-06-14,2.Tạo từ 9h-19h,0.Ontime OPR,LOCSHOPLAMDONG,1,25,NTB,1,W24,Huỳnh Tấn Hiền,1.Tạo từ 9h-19h,0
Lâm Đồng,Bưu Cục QL20 Ninh Hòa-Đức Trọng-Lâm Đồng,2026-06-14,1.Tạo trước 9h,4.Khác,DEGO.TOYS 2,1,25,NTB,0,W24,Võ Tấn Lợi,2.Tạo từ 19h-9h,1
Ninh Thuận,Bưu Cục 26A Lê Duẩn-Ninh Sơn-Ninh Thuận,2026-06-14,2.Tạo từ 9h-19h,0.Ontime OPR,ĐỐC TỜ KÊ PETSHOP,1,25,NTB,1,W24,Nguyễn Duy Long,1.Tạo từ 9h-19h,0
Bình Thuận,Bưu Cục Phú Tài-Phan Thiết-Bình Thuận,2026-06-14,2.Tạo từ 9h-19h,0.Ontime OPR,Be heeo,1,25,NTB,1,W24,Nguyễn Ngọc Khánh,1.Tạo từ 9h-19h,0
Lâm Đồng,Bưu Cục Cao Bá Quát-Phường 7-Đà Lạt-Lâm Đồng,2026-06-14,2.Tạo từ 9h-19h,0.Ontime OPR,SHOP HOAI THUN.,2,25,NTB,2,W24,Lê Minh Đại,1.Tạo từ 9h-19h,0
Lâm Đồng,Bưu Cục TDP Ba Đình-Lâm Hà-Lâm Đồng,2026-06-14,2.Tạo từ 9h-19h,0.Ontime OPR,H-Linh,13,25,NTB,13,W24,Huỳnh Thị Kim Chi,1.Tạo từ 9h-19h,0
Lâm Đồng,Bưu Cục Đạ Huoai-Lâm Đồng,2026-06-14,2.Tạo từ 9h-19h,0.Ontime OPR,Phukienphamkhoa,14,25,NTB,14,W24,Huỳnh Tấn Hiền,1.Tạo từ 9h-19h,0
Lâm Đồng,Bưu Cục 95A Đội Cấn-Bảo Lộc-Lâm Đồng,2026-06-14,2.Tạo từ 9h-19h,0.Ontime OPR,KEM JP THAO,1,25,NTB,1,W24,Hồng Bích Nga,1.Tạo từ 9h-19h,0
Khánh Hòa,Bưu Cục 36 Bà Triệu-Vạn Ninh-Khánh Hoà,2026-06-14,2.Tạo từ 9h-19h,0.Ontime OPR,feng shui energy,1,25,NTB,1,W24,Phạm Bá Thành Công,1.Tạo từ 9h-19h,0
Ninh Thuận,Bưu Cục 95 Thống Nhất-Phan Rang-Ninh Thuận,2026-06-14,2.Tạo từ 9h-19h,0.Ontime OPR,KAI Decal,3,25,NTB,3,W24,Nguyễn Duy Long,1.Tạo từ 9h-19h,0
Bình Thuận,Bưu Cục 585 Nguyễn Tất Thành-Xã Lương Sơn-Bình Thuận,2026-06-14,1.Tạo trước 9h,0.Ontime OPR,Mask Nhà Maiiii,1,25,NTB,1,W24,Nguyễn Ngọc Khánh,2.Tạo từ 19h-9h,0
Bình Thuận,Bưu Cục 158 Quốc lộ 55-Tánh Linh-Bình Thuận,2026-06-14,3.Tạo sau 19h,0.Ontime OPR,Duong phu kien,1,25,NTB,1,W24,Huỳnh Tấn Hiền,2.Tạo từ 19h-9h,0
Ninh Thuận,Bưu Cục Phước Minh-Thuận Nam-Ninh Thuận,2026-06-14,2.Tạo từ 9h-19h,1.Gan_tre,Nước mắm Cà Ná Đông Thành,1,25,NTB,0,W24,Nguyễn Duy Long,1.Tạo từ 9h-19h,1
Khánh Hòa,Bưu Cục Tổ Dân Phố 2-Ninh Hoà-Khánh Hoà,2026-06-14,2.Tạo từ 9h-19h,0.Ontime OPR,Rong Biển Quê,23,25,NTB,23,W24,Phạm Bá Thành Công,1.Tạo từ 9h-19h,0
Lâm Đồng,Bưu cục 1479 Trần Phú-Lộc Châu-Bảo Lộc-Lâm Đồng,2026-06-14,2.Tạo từ 9h-19h,0.Ontime OPR,Bông Store-Chuyên Hàng Nga,21,25,NTB,21,W24,Nguyễn Lê Nguyên Vũ,1.Tạo từ 9h-19h,0
Bình Thuận,Bưu Cục 430 Tôn Đức Thắng-Tân Phước-Thị xã La Gi-Bình Thuận,2026-06-14,1.Tạo trước 9h,4.Khác,BIU.shop,2,25,NTB,0,W24,Huỳnh Tấn Hiền,2.Tạo từ 19h-9h,2
Khánh Hòa,Bưu Cục Tổ Dân Phố 2-Ninh Hoà-Khánh Hoà,2026-06-14,2.Tạo từ 9h-19h,0.Ontime OPR,Yumi Mall,1,25,NTB,1,W24,Phạm Bá Thành Công,1.Tạo từ 9h-19h,0
Bình Thuận,Bưu cục 47 Trần Hưng Đạo-Hàm Thuận Nam-Bình Thuận,2026-06-14,1.Tạo trước 9h,4.Khác,Happy kids shop.,3,25,NTB,0,W24,Lê Thanh Nhựt,2.Tạo từ 19h-9h,3
Lâm Đồng,Bưu Cục 468 Quốc Lộ 20-Liên Nghĩa-Đức Trọng-Lâm Đồng,2026-06-14,2.Tạo từ 9h-19h,0.Ontime OPR,Vườn Bi Ve,1,25,NTB,1,W24,Trầm Hữu Tiến,1.Tạo từ 9h-19h,0
Lâm Đồng,Bưu Cục 95A Đội Cấn-Bảo Lộc-Lâm Đồng,2026-06-14,2.Tạo từ 9h-19h,3.Không liên lạc được,Vườn Nhà BA,1,25,NTB,0,W24,Hồng Bích Nga,1.Tạo từ 9h-19h,1
Khánh Hòa,Bưu Cục Đường 35 Hà Quang 1-Xã Nam Nha Trang-Khánh Hòa,2026-06-14,2.Tạo từ 9h-19h,0.Ontime OPR,Bikini-Trending,1,25,NTB,1,W24,Thái Thị Thanh Thư,1.Tạo từ 9h-19h,0
Ninh Thuận,Bưu Cục Quốc Lộ 1A-Ninh Phước-Ninh Thuận,2026-06-14,2.Tạo từ 9h-19h,0.Ontime OPR,Xịn gia dụng thông Minh,4,25,NTB,4,W24,Nguyễn Duy Long,1.Tạo từ 9h-19h,0
Bình Thuận,Bưu Cục 237 Nguyễn Tất Thành-Bắc Bình-Bình Thuận,2026-06-14,2.Tạo từ 9h-19h,0.Ontime OPR,SảnPhẩmNôngnghiệp,25,25,NTB,25,W24,Nguyễn Ngọc Khánh,1.Tạo từ 9h-19h,0
Lâm Đồng,Bưu Cục Đạ Huoai-Lâm Đồng,2026-06-14,3.Tạo sau 19h,0.Ontime OPR,Hongthu.shop,2,25,NTB,2,W24,Huỳnh Tấn Hiền,2.Tạo từ 19h-9h,0
Lâm Đồng,Bưu Cục TDP Nghĩa Đức-Thạnh Mỹ-Đơn Dương-Lâm Đồng,2026-06-14,2.Tạo từ 9h-19h,3.Không liên lạc được,DALAT CORDYCEPS OFFICIAL,3,25,NTB,0,W24,Lê Minh Đại,1.Tạo từ 9h-19h,3
Lâm Đồng,Bưu Cục Cao Bá Quát-Phường 7-Đà Lạt-Lâm Đồng,2026-06-14,2.Tạo từ 9h-19h,0.Ontime OPR,Thiên Phước Aqua,161,25,NTB,161,W24,Lê Minh Đại,1.Tạo từ 9h-19h,0
Ninh Thuận,Bưu Cục Phước Minh-Thuận Nam-Ninh Thuận,2026-06-14,2.Tạo từ 9h-19h,0.Ontime OPR,Mỹ Phẩm Long Châu,5,25,NTB,5,W24,Nguyễn Duy Long,1.Tạo từ 9h-19h,0
Bình Thuận,Bưu Cục Phú Tài-Phan Thiết-Bình Thuận,2026-06-14,1.Tạo trước 9h,4.Khác,phụ Liệu Tóc Mỹ Phẩm Diễm,1,25,NTB,0,W24,Nguyễn Ngọc Khánh,2.Tạo từ 19h-9h,1
Bình Thuận,Bưu Cục Phú Thủy-Phan Thiết-Bình Thuận,2026-06-14,3.Tạo sau 19h,0.Ontime OPR,Pin Duy Lập,10,25,NTB,10,W24,Nguyễn Ngọc Khánh,2.Tạo từ 19h-9h,0
Khánh Hòa,Bưu Cục 466 Đường 23/10-Nha Trang-Khánh Hòa,2026-06-14,2.Tạo từ 9h-19h,0.Ontime OPR,Shop Đồ Bộ Hằng,8,25,NTB,8,W24,Phan Đình Duy,1.Tạo từ 9h-19h,0
Khánh Hòa,Bưu Cục 36 Bà Triệu-Vạn Ninh-Khánh Hoà,2026-06-14,2.Tạo từ 9h-19h,0.Ontime OPR,TOT LAB,1,25,NTB,1,W24,Phạm Bá Thành Công,1.Tạo từ 9h-19h,0
Bình Thuận,Bưu Cục 158 Quốc lộ 55-Tánh Linh-Bình Thuận,2026-06-14,3.Tạo sau 19h,0.Ontime OPR,Thích Chấm 86,4,25,NTB,4,W24,Huỳnh Tấn Hiền,2.Tạo từ 19h-9h,0
Khánh Hòa,Bưu Cục 56 Phan Đình Phùng-Cam Linh-Khánh Hòa,2026-06-14,2.Tạo từ 9h-19h,0.Ontime OPR,EcoBiVN Sản Phẩm Hỗ Trợ Cá Cảnh,31,25,NTB,31,W24,Thái Thị Thanh Thư,1.Tạo từ 9h-19h,0
Ninh Thuận,Bưu Cục Quốc Lộ 1A-Ninh Phước-Ninh Thuận,2026-06-14,2.Tạo từ 9h-19h,0.Ontime OPR,Nông trại Hoàng Yến,58,25,NTB,58,W24,Nguyễn Duy Long,1.Tạo từ 9h-19h,0
Khánh Hòa,Bưu Cục 39 Hùng Vương-Diên Khánh-Khánh Hòa,2026-06-14,1.Tạo trước 9h,4.Khác,Wax Lông Lạnh Nàng Ong,1,25,NTB,0,W24,Nguyễn Hoàng Phi,2.Tạo từ 19h-9h,1
Lâm Đồng,Bưu Cục TDP Nghĩa Đức-Thạnh Mỹ-Đơn Dương-Lâm Đồng,2026-06-14,2.Tạo từ 9h-19h,0.Ontime OPR,DALAT CORDYCEPS OFFICIAL,13,25,NTB,13,W24,Lê Minh Đại,1.Tạo từ 9h-19h,0
Lâm Đồng,Bưu Cục Đạ Huoai-Lâm Đồng,2026-06-14,2.Tạo từ 9h-19h,0.Ontime OPR,An Vy Shop - 49 Lâm Đồng,22,25,NTB,22,W24,Huỳnh Tấn Hiền,1.Tạo từ 9h-19h,0
Bình Thuận,Bưu Cục Xã Nam Chính-Đức Linh-Bình Thuận,2026-06-14,2.Tạo từ 9h-19h,0.Ontime OPR,Ví Da Đức An,3,25,NTB,3,W24,Huỳnh Tấn Hiền,1.Tạo từ 9h-19h,0
Khánh Hòa,Bưu Cục 571 Hùng Vương-Cam Nghĩa-TP.Cam Ranh-Khánh Hoà,2026-06-14,3.Tạo sau 19h,0.Ontime OPR,Tiệm Đồ Chơi Xe VN,3,25,NTB,3,W24,Phạm Bá Thành Công,2.Tạo từ 19h-9h,0
Khánh Hòa,Bưu Cục 42 Nguyễn Du-Cam Lâm-Khánh Hoà,2026-06-14,2.Tạo từ 9h-19h,0.Ontime OPR,hoathan74,1,25,NTB,1,W24,Nguyễn Thanh Long,1.Tạo từ 9h-19h,0
Lâm Đồng,Bưu Cục Langbiang-Lạc Dương-Lâm Đồng,2026-06-14,2.Tạo từ 9h-19h,0.Ontime OPR,Tạp hoá của Đốm,1,25,NTB,1,W24,Lê Minh Đại,1.Tạo từ 9h-19h,0
Lâm Đồng,Bưu cục Ngô Thỳ Sỹ-Đà Lạt-Lâm Đồng,2026-06-14,2.Tạo từ 9h-19h,0.Ontime OPR,Quầy 228 khu A chợ Đà Lạt,65,25,NTB,65,W24,Lê Minh Đại,1.Tạo từ 9h-19h,0
Lâm Đồng,Bưu Cục Đạ Huoai-Lâm Đồng,2026-06-14,1.Tạo trước 9h,0.Ontime OPR,An Vy Shop - 49 Lâm Đồng,12,25,NTB,12,W24,Huỳnh Tấn Hiền,2.Tạo từ 19h-9h,0
Lâm Đồng,Bưu cục Đinh Văn-Lâm Hà-Lâm Đồng,2026-06-14,2.Tạo từ 9h-19h,0.Ontime OPR,Ku Bon Garden,13,25,NTB,13,W24,Huỳnh Thị Kim Chi,1.Tạo từ 9h-19h,0
Khánh Hòa,Bưu Cục Thôn Xuân Hoà 1-Ninh Hoà-Khánh Hoà,2026-06-14,2.Tạo từ 9h-19h,0.Ontime OPR,Nông Ngư Cơ,2,25,NTB,2,W24,Phạm Bá Thành Công,1.Tạo từ 9h-19h,0
Lâm Đồng,Bưu cục 1479 Trần Phú-Lộc Châu-Bảo Lộc-Lâm Đồng,2026-06-14,3.Tạo sau 19h,4.Khác,Tâm bảo Lộc 49,3,25,NTB,0,W24,Nguyễn Lê Nguyên Vũ,2.Tạo từ 19h-9h,3
Đắk Nông,Bưu Cục Hùng Vương-Nghĩa Trung-Gia Nghĩa-Đắk Nông,2026-06-14,2.Tạo từ 9h-19h,0.Ontime OPR,CM Store Live,343,25,NTB,343,W24,Trần Công Hậu,1.Tạo từ 9h-19h,0
Lâm Đồng,Bưu Cục 468 Quốc Lộ 20-Liên Nghĩa-Đức Trọng-Lâm Đồng,2026-06-14,2.Tạo từ 9h-19h,0.Ontime OPR,Trâm Quỳnh Japan,1,25,NTB,1,W24,Trầm Hữu Tiến,1.Tạo từ 9h-19h,0
Bình Thuận,Bưu Cục Phú Tài-Phan Thiết-Bình Thuận,2026-06-14,2.Tạo từ 9h-19h,0.Ontime OPR,Kho Sỉ Giá Gốc,1,25,NTB,1,W24,Nguyễn Ngọc Khánh,1.Tạo từ 9h-19h,0
Bình Thuận,Bưu Cục Số 7 Lê Thánh Tôn-LaGi-Bình Thuận,2026-06-14,2.Tạo từ 9h-19h,0.Ontime OPR,Máy Đảo Thuốc Gia Long,2,25,NTB,2,W24,Huỳnh Tấn Hiền,1.Tạo từ 9h-19h,0
Khánh Hòa,Bưu Cục 70 Lê Hồng Phong-Ninh Diêm-Ninh Hoà-Khánh Hoà,2026-06-14,2.Tạo từ 9h-19h,0.Ontime OPR,petrang0705,14,25,NTB,14,W24,Phạm Bá Thành Công,1.Tạo từ 9h-19h,0
Bình Thuận,Bưu cục DT707-Hàm Thuận Nam-Bình Thuận,2026-06-14,2.Tạo từ 9h-19h,0.Ontime OPR,Trần Hữu Tạo,15,25,NTB,15,W24,Lê Thanh Nhựt,1.Tạo từ 9h-19h,0
Ninh Thuận,Bưu Cục 254A Đường 21 tháng 8-Phan Rang-Tháp Chàm-Ninh Thuận,2026-06-14,2.Tạo từ 9h-19h,0.Ontime OPR,Cửa hàng đặc sản Ninh Thuận,1,25,NTB,1,W24,Nguyễn Duy Long,1.Tạo từ 9h-19h,0
Lâm Đồng,Bưu cục Đinh Văn-Lâm Hà-Lâm Đồng,2026-06-14,2.Tạo từ 9h-19h,1.Gan_tre,Bé Thu bé xíu,1,25,NTB,0,W24,Huỳnh Thị Kim Chi,1.Tạo từ 9h-19h,1
Lâm Đồng,Bưu Cục TDP Ba Đình-Lâm Hà-Lâm Đồng,2026-06-14,3.Tạo sau 19h,0.Ontime OPR,Tienmy.Store,2,25,NTB,2,W24,Huỳnh Thị Kim Chi,2.Tạo từ 19h-9h,0
Bình Thuận,Bưu Cục Hàm Liêm-Hàm Thuận Bắc-Bình Thuận,2026-06-14,1.Tạo trước 9h,0.Ontime OPR,Thuận Phát - Thuốc Cây Trồng,12,25,NTB,12,W24,Nguyễn Ngọc Khánh,2.Tạo từ 19h-9h,0
Lâm Đồng,Bưu Cục Đạ Huoai-Lâm Đồng,2026-06-14,2.Tạo từ 9h-19h,0.Ontime OPR,Shop phụ kiện loa rừng,8,25,NTB,8,W24,Huỳnh Tấn Hiền,1.Tạo từ 9h-19h,0
Bình Thuận,Bưu Cục Xã Nam Chính-Đức Linh-Bình Thuận,2026-06-14,2.Tạo từ 9h-19h,0.Ontime OPR,Quầy Thuốc Tây Á Châu,1,25,NTB,1,W24,Huỳnh Tấn Hiền,1.Tạo từ 9h-19h,0
Khánh Hòa,Bưu Cục 195 Đường 2/4-Nha Trang-Khánh Hòa,2026-06-14,1.Tạo trước 9h,4.Khác,Trum tang vong 1,1,25,NTB,0,W24,Phạm Bá Thành Công,2.Tạo từ 19h-9h,1
Khánh Hòa,Bưu Cục 39 Hùng Vương-Diên Khánh-Khánh Hòa,2026-06-14,1.Tạo trước 9h,4.Khác,LuluBoutique1,1,25,NTB,0,W24,Nguyễn Hoàng Phi,2.Tạo từ 19h-9h,1
Ninh Thuận,Bưu Cục 26A Lê Duẩn-Ninh Sơn-Ninh Thuận,2026-06-14,2.Tạo từ 9h-19h,0.Ontime OPR,Nhang Hiệp Hưng,179,25,NTB,179,W24,Nguyễn Duy Long,1.Tạo từ 9h-19h,0
Khánh Hòa,Bưu Cục Tổ Dân Phố 2-Ninh Hoà-Khánh Hoà,2026-06-14,3.Tạo sau 19h,2.Khách hẹn lại,NT.Phuong- Rong nho Khánh Hoà,1,25,NTB,0,W24,Phạm Bá Thành Công,2.Tạo từ 19h-9h,1
Ninh Thuận,Bưu Cục 26A Lê Duẩn-Ninh Sơn-Ninh Thuận,2026-06-14,2.Tạo từ 9h-19h,1.Gan_tre,PHỤ KIỆN NGÀNH CƯỚI K,1,25,NTB,0,W24,Nguyễn Duy Long,1.Tạo từ 9h-19h,1
Lâm Đồng,Bưu Cục TDP Nghĩa Đức-Thạnh Mỹ-Đơn Dương-Lâm Đồng,2026-06-14,2.Tạo từ 9h-19h,0.Ontime OPR,Ngọc Yến 99,4,25,NTB,4,W24,Lê Minh Đại,1.Tạo từ 9h-19h,0
Lâm Đồng,Bưu cục 1479 Trần Phú-Lộc Châu-Bảo Lộc-Lâm Đồng,2026-06-14,2.Tạo từ 9h-19h,0.Ontime OPR,Flowin Vietnam,1,25,NTB,1,W24,Nguyễn Lê Nguyên Vũ,1.Tạo từ 9h-19h,0
Lâm Đồng,Bưu cục Ngô Thỳ Sỹ-Đà Lạt-Lâm Đồng,2026-06-14,2.Tạo từ 9h-19h,0.Ontime OPR,ĐẶC SẢN XỨ ĐÀ LẠT,2,25,NTB,2,W24,Lê Minh Đại,1.Tạo từ 9h-19h,0
Ninh Thuận,Bưu Cục 95 Thống Nhất-Phan Rang-Ninh Thuận,2026-06-14,3.Tạo sau 19h,0.Ontime OPR,FRM NUTS,6,25,NTB,6,W24,Nguyễn Duy Long,2.Tạo từ 19h-9h,0
Khánh Hòa,Bưu Cục Tổ Dân Phố 2-Ninh Hoà-Khánh Hoà,2026-06-14,2.Tạo từ 9h-19h,2.Khách hẹn lại,Rong Biển Quê,2,25,NTB,0,W24,Phạm Bá Thành Công,1.Tạo từ 9h-19h,2
Lâm Đồng,Bưu Cục 412 Nguyễn Văn Cừ-Lộc Phát-Bảo Lộc-Lâm Đồng,2026-06-14,3.Tạo sau 19h,4.Khác,Gấm phan,8,25,NTB,0,W24,Hồng Bích Nga,2.Tạo từ 19h-9h,8
Lâm Đồng,Bưu cục Ngô Thỳ Sỹ-Đà Lạt-Lâm Đồng,2026-06-14,2.Tạo từ 9h-19h,2.Khách hẹn lại,ĐẶC SẢN XỨ ĐÀ LẠT,2,25,NTB,0,W24,Lê Minh Đại,1.Tạo từ 9h-19h,2
Lâm Đồng,Bưu cục 1479 Trần Phú-Lộc Châu-Bảo Lộc-Lâm Đồng,2026-06-14,3.Tạo sau 19h,0.Ontime OPR,LUNASTORES SHOPss,2,25,NTB,2,W24,Nguyễn Lê Nguyên Vũ,2.Tạo từ 19h-9h,0
Bình Thuận,Bưu Cục 158 Quốc lộ 55-Tánh Linh-Bình Thuận,2026-06-14,2.Tạo từ 9h-19h,0.Ontime OPR,phụ tùng Lê Trung.,6,25,NTB,6,W24,Huỳnh Tấn Hiền,1.Tạo từ 9h-19h,0
Đắk Nông,Bưu Cục Đắk Mil-Đắk Nông,2026-06-14,2.Tạo từ 9h-19h,0.Ontime OPR,Mẹ Và Bé Tuyết Trang,5,25,NTB,5,W24,Trần Thị Nhung,1.Tạo từ 9h-19h,0
Khánh Hòa,Bưu Cục 40A Yết Kiêu-Nha Trang-Khánh Hòa,2026-06-14,3.Tạo sau 19h,4.Khác,Shi shopnt,1,25,NTB,0,W24,Phan Đình Duy,2.Tạo từ 19h-9h,1
Bình Thuận,Bưu cục DT707-Hàm Thuận Nam-Bình Thuận,2026-06-14,1.Tạo trước 9h,4.Khác,Yến nhi shop giá rẻ,5,25,NTB,0,W24,Lê Thanh Nhựt,2.Tạo từ 19h-9h,5
Lâm Đồng,Bưu Cục Đạ Huoai-Lâm Đồng,2026-06-14,3.Tạo sau 19h,0.Ontime OPR,Văn Thức Shop 49,23,25,NTB,23,W24,Huỳnh Tấn Hiền,2.Tạo từ 19h-9h,0
Bình Thuận,Bưu Cục 46 Hùng Vương-Hàm Tân-Bình Thuận,2026-06-14,2.Tạo từ 9h-19h,0.Ontime OPR,xưởng binbin shop,5,25,NTB,5,W24,Lê Thanh Nhựt,1.Tạo từ 9h-19h,0
Bình Thuận,Bưu Cục 430 Tôn Đức Thắng-Tân Phước-Thị xã La Gi-Bình Thuận,2026-06-14,1.Tạo trước 9h,0.Ontime OPR,Utthom92,5,25,NTB,5,W24,Huỳnh Tấn Hiền,2.Tạo từ 19h-9h,0
Ninh Thuận,Bưu Cục 26A Lê Duẩn-Ninh Sơn-Ninh Thuận,2026-06-14,2.Tạo từ 9h-19h,0.Ontime OPR,Đồ ngâm Huế,3,25,NTB,3,W24,Nguyễn Duy Long,1.Tạo từ 9h-19h,0
Đắk Nông,Bưu Cục Quảng Sơn-Đắk Glong-Đắk Nông,2026-06-14,2.Tạo từ 9h-19h,0.Ontime OPR,2k2 tiện ích,1,25,NTB,1,W24,Trần Thị Nhung,1.Tạo từ 9h-19h,0
Bình Thuận,Bưu Cục Phú Tài-Phan Thiết-Bình Thuận,2026-06-14,3.Tạo sau 19h,4.Khác,Cô Ba nail,2,25,NTB,0,W24,Nguyễn Ngọc Khánh,2.Tạo từ 19h-9h,2
Khánh Hòa,Bưu Cục 195 Đường 2/4-Nha Trang-Khánh Hòa,2026-06-14,2.Tạo từ 9h-19h,2.Khách hẹn lại,Thực Phẩm TP,1,25,NTB,0,W24,Phạm Bá Thành Công,1.Tạo từ 9h-19h,1
Bình Thuận,Bưu Cục Phú Tài-Phan Thiết-Bình Thuận,2026-06-14,2.Tạo từ 9h-19h,0.Ontime OPR,Cô Ba nail,1,25,NTB,1,W24,Nguyễn Ngọc Khánh,1.Tạo từ 9h-19h,0
Ninh Thuận,Bưu Cục Quốc Lộ 1A-Ninh Phước-Ninh Thuận,2026-06-14,2.Tạo từ 9h-19h,0.Ontime OPR,YẾN BIGSIZE UNISEX,1,25,NTB,1,W24,Nguyễn Duy Long,1.Tạo từ 9h-19h,0
Đắk Nông,Bưu Cục Quốc Lộ 14-Đức An-Đắk Song-Đăk Nông,2026-06-14,1.Tạo trước 9h,0.Ontime OPR,1990 CAFE,1,25,NTB,1,W24,Trần Thị Nhung,2.Tạo từ 19h-9h,0
Ninh Thuận,Bưu Cục 95 Thống Nhất-Phan Rang-Ninh Thuận,2026-06-14,3.Tạo sau 19h,0.Ontime OPR,trang thu phụ kiện tết,1,25,NTB,1,W24,Nguyễn Duy Long,2.Tạo từ 19h-9h,0
Lâm Đồng,Bưu cục 1479 Trần Phú-Lộc Châu-Bảo Lộc-Lâm Đồng,2026-06-14,2.Tạo từ 9h-19h,0.Ontime OPR,Tâm bảo Lộc 49,80,25,NTB,80,W24,Nguyễn Lê Nguyên Vũ,1.Tạo từ 9h-19h,0
Lâm Đồng,Bưu cục 1479 Trần Phú-Lộc Châu-Bảo Lộc-Lâm Đồng,2026-06-14,2.Tạo từ 9h-19h,0.Ontime OPR,Trà Tằng Vĩnh An Lâm Đồng,164,25,NTB,164,W24,Nguyễn Lê Nguyên Vũ,1.Tạo từ 9h-19h,0
Bình Thuận,Bưu Cục Xã Nam Chính-Đức Linh-Bình Thuận,2026-06-14,1.Tạo trước 9h,4.Khác,LY ĐẶNG X7,2,25,NTB,0,W24,Huỳnh Tấn Hiền,2.Tạo từ 19h-9h,2
Đắk Nông,Bưu Cục 53 Tôn Đức Thắng-Nghĩa Thành-Gia Nghĩa-Đắk Nông,2026-06-14,1.Tạo trước 9h,4.Khác,Zozo Shop 1339,3,25,NTB,0,W24,Trần Văn Phước,2.Tạo từ 19h-9h,3
Ninh Thuận,Bưu Cục 26A Lê Duẩn-Ninh Sơn-Ninh Thuận,2026-06-14,2.Tạo từ 9h-19h,0.Ontime OPR,@trangsucnhienvo,4,25,NTB,4,W24,Nguyễn Duy Long,1.Tạo từ 9h-19h,0
Đắk Nông,Điểm Xử Lý Hàng Thôn 2-Xã Nhân Cơ-Đắk Nông,2026-06-14,3.Tạo sau 19h,4.Khác,Nông Nghiệp 4 Mùa,4,25,NTB,0,W24,Trần Văn Phước,2.Tạo từ 19h-9h,4
Bình Thuận,Bưu Cục Hàm Liêm-Hàm Thuận Bắc-Bình Thuận,2026-06-14,2.Tạo từ 9h-19h,2.Khách hẹn lại,Link kiện DIY,1,25,NTB,0,W24,Nguyễn Ngọc Khánh,1.Tạo từ 9h-19h,1
Khánh Hòa,Bưu Cục 56 Phan Đình Phùng-Cam Linh-Khánh Hòa,2026-06-14,1.Tạo trước 9h,4.Khác,EcoBiVN Sản Phẩm Hỗ Trợ Cá Cảnh,34,25,NTB,0,W24,Thái Thị Thanh Thư,2.Tạo từ 19h-9h,34
Lâm Đồng,Bưu Cục Số 6 Trương Văn Hoàn-Phường 9-Đà Lạt-Lâm Đồng,2026-06-14,3.Tạo sau 19h,4.Khác,Hoa Xinh Trendy,1,25,NTB,0,W24,Lê Văn Trường,2.Tạo từ 19h-9h,1
Lâm Đồng,Bưu Cục 412 Nguyễn Văn Cừ-Lộc Phát-Bảo Lộc-Lâm Đồng,2026-06-14,2.Tạo từ 9h-19h,0.Ontime OPR,Phụ Tùng Trung Thành,12,25,NTB,12,W24,Hồng Bích Nga,1.Tạo từ 9h-19h,0
Bình Thuận,Bưu Cục Phú Tài-Phan Thiết-Bình Thuận,2026-06-14,2.Tạo từ 9h-19h,0.Ontime OPR,phụ Liệu Tóc Mỹ Phẩm Diễm,2,25,NTB,2,W24,Nguyễn Ngọc Khánh,1.Tạo từ 9h-19h,0
Đắk Nông,Bưu Cục Đắk Mil-Đắk Nông,2026-06-14,2.Tạo từ 9h-19h,0.Ontime OPR,Cửa Hàng Mẹ Và Bé BumKids,1,25,NTB,1,W24,Trần Thị Nhung,1.Tạo từ 9h-19h,0
Ninh Thuận,Bưu Cục 51 Phạm Ngọc Thạch-Ninh Hải-Ninh Thuận,2026-06-14,2.Tạo từ 9h-19h,0.Ontime OPR,Xưởng gia công các loại,2,25,NTB,2,W24,Nguyễn Duy Long,1.Tạo từ 9h-19h,0
Khánh Hòa,Bưu Cục 39 Hùng Vương-Diên Khánh-Khánh Hòa,2026-06-14,3.Tạo sau 19h,0.Ontime OPR,Wax Lông Lạnh Nàng Ong,1,25,NTB,1,W24,Nguyễn Hoàng Phi,2.Tạo từ 19h-9h,0
Ninh Thuận,Bưu Cục Phước Minh-Thuận Nam-Ninh Thuận,2026-06-14,1.Tạo trước 9h,0.Ontime OPR,Mỹ Phẩm Long Châu,10,25,NTB,10,W24,Nguyễn Duy Long,2.Tạo từ 19h-9h,0
Khánh Hòa,Bưu Cục 229 Phước Long-Nam Nha Trang-Khánh Hòa,2026-06-14,2.Tạo từ 9h-19h,0.Ontime OPR,HUYNH THANH COSMETIC,1,25,NTB,1,W24,Thái Thị Thanh Thư,1.Tạo từ 9h-19h,0
Khánh Hòa,Bưu Cục Thôn Phú An Nam 2-Xã Diên Khánh-Khánh Hòa,2026-06-14,2.Tạo từ 9h-19h,0.Ontime OPR,Mr Nghiệp - Đặc Sản 79 Food,2,25,NTB,2,W24,Nguyễn Hoàng Phi,1.Tạo từ 9h-19h,0
Lâm Đồng,Bưu cục 1479 Trần Phú-Lộc Châu-Bảo Lộc-Lâm Đồng,2026-06-14,2.Tạo từ 9h-19h,0.Ontime OPR,Kho sỉ nguyên liệu mì cay,1,25,NTB,1,W24,Nguyễn Lê Nguyên Vũ,1.Tạo từ 9h-19h,0
Ninh Thuận,Bưu Cục Quốc Lộ 1A-Ninh Phước-Ninh Thuận,2026-06-14,2.Tạo từ 9h-19h,0.Ontime OPR,Trại nho giống tý,8,25,NTB,8,W24,Nguyễn Duy Long,1.Tạo từ 9h-19h,0
Lâm Đồng,Bưu Cục 95A Đội Cấn-Bảo Lộc-Lâm Đồng,2026-06-14,1.Tạo trước 9h,4.Khác,TỔNG KHO HÀNG LD,41,25,NTB,0,W24,Hồng Bích Nga,2.Tạo từ 19h-9h,41
Bình Thuận,Bưu Cục 585 Nguyễn Tất Thành-Xã Lương Sơn-Bình Thuận,2026-06-14,1.Tạo trước 9h,4.Khác,Oanh Thái đồ mặc nhà,2,25,NTB,0,W24,Nguyễn Ngọc Khánh,2.Tạo từ 19h-9h,2
Bình Thuận,Bưu Cục Xã Nam Chính-Đức Linh-Bình Thuận,2026-06-14,3.Tạo sau 19h,0.Ontime OPR,LY ĐẶNG X7,5,25,NTB,5,W24,Huỳnh Tấn Hiền,2.Tạo từ 19h-9h,0
Lâm Đồng,Bưu cục Ngô Thỳ Sỹ-Đà Lạt-Lâm Đồng,2026-06-14,1.Tạo trước 9h,0.Ontime OPR,Quầy 228 khu A chợ Đà Lạt,59,25,NTB,59,W24,Lê Minh Đại,2.Tạo từ 19h-9h,0
Khánh Hòa,Bưu Cục Thôn Phú An Nam 2-Xã Diên Khánh-Khánh Hòa,2026-06-14,2.Tạo từ 9h-19h,0.Ontime OPR,Hồng Hiệp,1,25,NTB,1,W24,Nguyễn Hoàng Phi,1.Tạo từ 9h-19h,0
Khánh Hòa,Bưu Cục Đường Tỉnh Lộ 10-Xã Diên Thọ-Khánh Hòa,2026-06-14,2.Tạo từ 9h-19h,0.Ontime OPR,Tiệm scrunchie nhà quyt.s,1,25,NTB,1,W24,Nguyễn Hoàng Phi,1.Tạo từ 9h-19h,0
Bình Thuận,Bưu Cục 575 Quốc Lộ 28-Xã Hàm Thuận-Bình Thuận,2026-06-14,2.Tạo từ 9h-19h,0.Ontime OPR,Tiệm nhà của Moon,1,25,NTB,1,W24,Nguyễn Ngọc Khánh,1.Tạo từ 9h-19h,0
Lâm Đồng,Bưu cục Đinh Văn-Lâm Hà-Lâm Đồng,2026-06-14,2.Tạo từ 9h-19h,0.Ontime OPR,Trang lub,4,25,NTB,4,W24,Huỳnh Thị Kim Chi,1.Tạo từ 9h-19h,0
Bình Thuận,Bưu Cục Phú Thủy-Phan Thiết-Bình Thuận,2026-06-14,1.Tạo trước 9h,4.Khác,Lara Ơi,1,25,NTB,0,W24,Nguyễn Ngọc Khánh,2.Tạo từ 19h-9h,1
Đắk Nông,Điểm Xử Lý Hàng Thôn 2-Xã Nhân Cơ-Đắk Nông,2026-06-14,2.Tạo từ 9h-19h,0.Ontime OPR,Nông Nghiệp 4 Mùa,18,25,NTB,18,W24,Trần Văn Phước,1.Tạo từ 9h-19h,0
Ninh Thuận,Bưu Cục 51 Phạm Ngọc Thạch-Ninh Hải-Ninh Thuận,2026-06-14,2.Tạo từ 9h-19h,0.Ontime OPR,Trại Nho Giống Khởi,1,25,NTB,1,W24,Nguyễn Duy Long,1.Tạo từ 9h-19h,0
Bình Thuận,Bưu Cục Phú Thủy-Phan Thiết-Bình Thuận,2026-06-14,3.Tạo sau 19h,0.Ontime OPR,ÚT DIỆP TRANG SỨC,4,25,NTB,4,W24,Nguyễn Ngọc Khánh,2.Tạo từ 19h-9h,0
Lâm Đồng,Bưu Cục 95A Đội Cấn-Bảo Lộc-Lâm Đồng,2026-06-14,1.Tạo trước 9h,4.Khác,KEM JP THAO,3,25,NTB,0,W24,Hồng Bích Nga,2.Tạo từ 19h-9h,3
Khánh Hòa,Bưu Cục 466 Đường 23/10-Nha Trang-Khánh Hòa,2026-06-14,2.Tạo từ 9h-19h,0.Ontime OPR,Thu Truc 12,1,25,NTB,1,W24,Phan Đình Duy,1.Tạo từ 9h-19h,0
Bình Thuận,Bưu Cục 237 Nguyễn Tất Thành-Bắc Bình-Bình Thuận,2026-06-14,3.Tạo sau 19h,0.Ontime OPR,Thành trung RT shop,1,25,NTB,1,W24,Nguyễn Ngọc Khánh,2.Tạo từ 19h-9h,0
Lâm Đồng,Bưu cục 1479 Trần Phú-Lộc Châu-Bảo Lộc-Lâm Đồng,2026-06-14,1.Tạo trước 9h,0.Ontime OPR,LUNASTORES SHOPss,3,25,NTB,3,W24,Nguyễn Lê Nguyên Vũ,2.Tạo từ 19h-9h,0
Bình Thuận,Bưu Cục Xã Nam Chính-Đức Linh-Bình Thuận,2026-06-14,2.Tạo từ 9h-19h,0.Ontime OPR,Shishop1998,1,25,NTB,1,W24,Huỳnh Tấn Hiền,1.Tạo từ 9h-19h,0
Lâm Đồng,Bưu Cục 95A Đội Cấn-Bảo Lộc-Lâm Đồng,2026-06-14,2.Tạo từ 9h-19h,0.Ontime OPR,TỔNG KHO HÀNG LD,27,25,NTB,27,W24,Hồng Bích Nga,1.Tạo từ 9h-19h,0
Khánh Hòa,Bưu Cục 70 Lê Hồng Phong-Ninh Diêm-Ninh Hoà-Khánh Hoà,2026-06-14,2.Tạo từ 9h-19h,2.Khách hẹn lại,Như - Ý SeaFood,1,25,NTB,0,W24,Phạm Bá Thành Công,1.Tạo từ 9h-19h,1
Khánh Hòa,Bưu Cục 70 Lê Hồng Phong-Ninh Diêm-Ninh Hoà-Khánh Hoà,2026-06-14,2.Tạo từ 9h-19h,3.Không liên lạc được,Như - Ý SeaFood,1,25,NTB,0,W24,Phạm Bá Thành Công,1.Tạo từ 9h-19h,1
Ninh Thuận,Bưu Cục Quốc Lộ 1A-Ninh Phước-Ninh Thuận,2026-06-14,2.Tạo từ 9h-19h,0.Ontime OPR,Nho Giống Minh Hoàng,24,25,NTB,24,W24,Nguyễn Duy Long,1.Tạo từ 9h-19h,0
Lâm Đồng,Bưu Cục QL20 Ninh Hòa-Đức Trọng-Lâm Đồng,2026-06-14,2.Tạo từ 9h-19h,0.Ontime OPR,DEGO.TOYS 2,3,25,NTB,3,W24,Võ Tấn Lợi,1.Tạo từ 9h-19h,0
Khánh Hòa,Bưu Cục 70 Lê Hồng Phong-Ninh Diêm-Ninh Hoà-Khánh Hoà,2026-06-14,2.Tạo từ 9h-19h,0.Ontime OPR,Cẩm thuý fff,4,25,NTB,4,W24,Phạm Bá Thành Công,1.Tạo từ 9h-19h,0
Khánh Hòa,Bưu Cục Tổ Dân Phố 2-Ninh Hoà-Khánh Hoà,2026-06-14,1.Tạo trước 9h,4.Khác,Đặc sản KhánhHòa,1,25,NTB,0,W24,Phạm Bá Thành Công,2.Tạo từ 19h-9h,1
Khánh Hòa,Bưu Cục 229 Phước Long-Nam Nha Trang-Khánh Hòa,2026-06-14,3.Tạo sau 19h,4.Khác,Toán Thầy Hùng kênh 2,1,25,NTB,0,W24,Thái Thị Thanh Thư,2.Tạo từ 19h-9h,1
Khánh Hòa,Bưu Cục Thôn Phú An Nam 2-Xã Diên Khánh-Khánh Hòa,2026-06-14,2.Tạo từ 9h-19h,0.Ontime OPR,Start-up Cafe food 30s,3,25,NTB,3,W24,Nguyễn Hoàng Phi,1.Tạo từ 9h-19h,0
Đắk Nông,Bưu Cục Đắk Mil-Đắk Nông,2026-06-14,2.Tạo từ 9h-19h,2.Khách hẹn lại,BÀN THỜ THẦN TÀI ĐẸP,1,25,NTB,0,W24,Trần Thị Nhung,1.Tạo từ 9h-19h,1
Ninh Thuận,Bưu Cục 254A Đường 21 tháng 8-Phan Rang-Tháp Chàm-Ninh Thuận,2026-06-14,2.Tạo từ 9h-19h,1.Gan_tre,Cây giống nha đam,3,25,NTB,0,W24,Nguyễn Duy Long,1.Tạo từ 9h-19h,3
Lâm Đồng,Bưu Cục 95A Đội Cấn-Bảo Lộc-Lâm Đồng,2026-06-14,2.Tạo từ 9h-19h,0.Ontime OPR,KhuVườnTrênMây,16,25,NTB,16,W24,Hồng Bích Nga,1.Tạo từ 9h-19h,0
Khánh Hòa,Bưu Cục 229 Phước Long-Nam Nha Trang-Khánh Hòa,2026-06-14,2.Tạo từ 9h-19h,0.Ontime OPR,Taki Deli Việt Nam,36,25,NTB,36,W24,Thái Thị Thanh Thư,1.Tạo từ 9h-19h,0
Lâm Đồng,Bưu Cục Thôn R'Chai 2-Xã Đức Trọng-Lâm Đồng,2026-06-14,2.Tạo từ 9h-19h,0.Ontime OPR,Hồng Xương,1,25,NTB,1,W24,Trầm Hữu Tiến,1.Tạo từ 9h-19h,0
Lâm Đồng,Bưu Cục Cao Bá Quát-Phường 7-Đà Lạt-Lâm Đồng,2026-06-14,2.Tạo từ 9h-19h,0.Ontime OPR,QK Coffee & Agrifoods,1,25,NTB,1,W24,Lê Minh Đại,1.Tạo từ 9h-19h,0
Lâm Đồng,Bưu Cục 44B Nguyễn Đình Chiểu-Đạ Teh-Lâm Đồng,2026-06-14,1.Tạo trước 9h,0.Ontime OPR,Điện Máy Tổng Hợp 24h,43,25,NTB,43,W24,Huỳnh Tấn Hiền,2.Tạo từ 19h-9h,0
Đắk Nông,Bưu Cục 53 Tôn Đức Thắng-Nghĩa Thành-Gia Nghĩa-Đắk Nông,2026-06-14,3.Tạo sau 19h,4.Khác,NAMI SHOP 3968,2,25,NTB,0,W24,Trần Văn Phước,2.Tạo từ 19h-9h,2
Ninh Thuận,Bưu Cục Phước Minh-Thuận Nam-Ninh Thuận,2026-06-14,3.Tạo sau 19h,0.Ontime OPR,Mỹ Phẩm Long Châu,4,25,NTB,4,W24,Nguyễn Duy Long,2.Tạo từ 19h-9h,0
Bình Thuận,Bưu cục DT707-Hàm Thuận Nam-Bình Thuận,2026-06-14,2.Tạo từ 9h-19h,2.Khách hẹn lại,Minh Hạnh Shop 3,1,25,NTB,0,W24,Lê Thanh Nhựt,1.Tạo từ 9h-19h,1
Khánh Hòa,Bưu Cục 70 Lê Hồng Phong-Ninh Diêm-Ninh Hoà-Khánh Hoà,2026-06-14,2.Tạo từ 9h-19h,0.Ontime OPR,Như - Ý SeaFood,2,25,NTB,2,W24,Phạm Bá Thành Công,1.Tạo từ 9h-19h,0
Khánh Hòa,Bưu Cục 36 Bà Triệu-Vạn Ninh-Khánh Hoà,2026-06-14,2.Tạo từ 9h-19h,0.Ontime OPR,Hà Sang Shop,1,25,NTB,1,W24,Phạm Bá Thành Công,1.Tạo từ 9h-19h,0
Bình Thuận,Bưu cục Thị Trấn Liên Hương-Tuy Phong-Bình Thuận,2026-06-14,2.Tạo từ 9h-19h,0.Ontime OPR,Hoa mười giờ Bình Thuận,5,25,NTB,5,W24,Nguyễn Duy Long,1.Tạo từ 9h-19h,0
Lâm Đồng,Bưu Cục TDP Ba Đình-Lâm Hà-Lâm Đồng,2026-06-14,1.Tạo trước 9h,4.Khác,H-Linh,462,25,NTB,0,W24,Huỳnh Thị Kim Chi,2.Tạo từ 19h-9h,462
Đắk Nông,Bưu Cục 53 Tôn Đức Thắng-Nghĩa Thành-Gia Nghĩa-Đắk Nông,2026-06-14,2.Tạo từ 9h-19h,0.Ontime OPR,NAMI SHOP 3968,5,25,NTB,5,W24,Trần Văn Phước,1.Tạo từ 9h-19h,0
Lâm Đồng,Bưu Cục 190/11 Phù Đổng Thiên Vương-Phường 8-Đà Lạt-Lâm Đồng,2026-06-14,3.Tạo sau 19h,4.Khác,Holvixa,1,25,NTB,0,W24,Lê Văn Trường,2.Tạo từ 19h-9h,1
Ninh Thuận,Bưu Cục Quốc Lộ 1A-Ninh Phước-Ninh Thuận,2026-06-14,3.Tạo sau 19h,4.Khác,SALA Gốm Chăm,1,25,NTB,0,W24,Nguyễn Duy Long,2.Tạo từ 19h-9h,1
Khánh Hòa,Bưu Cục Thôn Xuân Hoà 1-Ninh Hoà-Khánh Hoà,2026-06-14,2.Tạo từ 9h-19h,0.Ontime OPR,Nem Chả Hùng Phụng Ninh Hoà,16,25,NTB,16,W24,Phạm Bá Thành Công,1.Tạo từ 9h-19h,0
Lâm Đồng,Bưu Cục Đạ Huoai-Lâm Đồng,2026-06-14,2.Tạo từ 9h-19h,0.Ontime OPR,Hongthu.shop,5,25,NTB,5,W24,Huỳnh Tấn Hiền,1.Tạo từ 9h-19h,0
Lâm Đồng,Bưu Cục 300 Tự Phước-Đà Lạt-Lâm Đồng,2026-06-14,2.Tạo từ 9h-19h,0.Ontime OPR,DALATFARM1994,2,25,NTB,2,W24,Lê Văn Trường,1.Tạo từ 9h-19h,0
Khánh Hòa,Bưu Cục 571 Hùng Vương-Cam Nghĩa-TP.Cam Ranh-Khánh Hoà,2026-06-14,2.Tạo từ 9h-19h,0.Ontime OPR,Tiệm Đồ Chơi Xe VN,1,25,NTB,1,W24,Phạm Bá Thành Công,1.Tạo từ 9h-19h,0
Bình Thuận,Bưu Cục Xã Nam Chính-Đức Linh-Bình Thuận,2026-06-14,2.Tạo từ 9h-19h,2.Khách hẹn lại,TiBi Xây Dựng 2,5,25,NTB,0,W24,Huỳnh Tấn Hiền,1.Tạo từ 9h-19h,5
Lâm Đồng,Bưu Cục 412 Nguyễn Văn Cừ-Lộc Phát-Bảo Lộc-Lâm Đồng,2026-06-14,2.Tạo từ 9h-19h,2.Khách hẹn lại,VTNN Việt Minh Xanh,1,25,NTB,0,W24,Hồng Bích Nga,1.Tạo từ 9h-19h,1
Ninh Thuận,Bưu Cục 254A Đường 21 tháng 8-Phan Rang-Tháp Chàm-Ninh Thuận,2026-06-14,2.Tạo từ 9h-19h,0.Ontime OPR,Khang-nhi,1,25,NTB,1,W24,Nguyễn Duy Long,1.Tạo từ 9h-19h,0
Khánh Hòa,Bưu Cục 466 Đường 23/10-Nha Trang-Khánh Hòa,2026-06-14,3.Tạo sau 19h,0.Ontime OPR,Shop Đồ Bộ Hằng,1,25,NTB,1,W24,Phan Đình Duy,2.Tạo từ 19h-9h,0
Đắk Nông,Bưu Cục Hùng Vương-Nghĩa Trung-Gia Nghĩa-Đắk Nông,2026-06-14,2.Tạo từ 9h-19h,0.Ontime OPR,lalamocmien1,95,25,NTB,95,W24,Trần Công Hậu,1.Tạo từ 9h-19h,0
Lâm Đồng,Bưu Cục 412 Nguyễn Văn Cừ-Lộc Phát-Bảo Lộc-Lâm Đồng,2026-06-14,1.Tạo trước 9h,4.Khác,Gấm phan,6,25,NTB,0,W24,Hồng Bích Nga,2.Tạo từ 19h-9h,6
Lâm Đồng,Bưu Cục Đạ Huoai-Lâm Đồng,2026-06-14,1.Tạo trước 9h,0.Ontime OPR,Văn Thức Shop 49,9,25,NTB,9,W24,Huỳnh Tấn Hiền,2.Tạo từ 19h-9h,0
Khánh Hòa,Bưu Cục 229 Phước Long-Nam Nha Trang-Khánh Hòa,2026-06-14,1.Tạo trước 9h,0.Ontime OPR,Taki Deli Việt Nam,16,25,NTB,16,W24,Thái Thị Thanh Thư,2.Tạo từ 19h-9h,0
Lâm Đồng,Bưu Cục 190/11 Phù Đổng Thiên Vương-Phường 8-Đà Lạt-Lâm Đồng,2026-06-14,2.Tạo từ 9h-19h,0.Ontime OPR,Holvixa,2,25,NTB,2,W24,Lê Văn Trường,1.Tạo từ 9h-19h,0
Lâm Đồng,Bưu Cục Đạ Huoai-Lâm Đồng,2026-06-14,1.Tạo trước 9h,0.Ontime OPR,Hongthu.shop,2,25,NTB,2,W24,Huỳnh Tấn Hiền,2.Tạo từ 19h-9h,0
Lâm Đồng,Bưu Cục Cao Bá Quát-Phường 7-Đà Lạt-Lâm Đồng,2026-06-14,2.Tạo từ 9h-19h,0.Ontime OPR,Langfarm - Đặc Sản Chất Lượng,5,25,NTB,5,W24,Lê Minh Đại,1.Tạo từ 9h-19h,0
Ninh Thuận,Bưu Cục 26A Lê Duẩn-Ninh Sơn-Ninh Thuận,2026-06-14,3.Tạo sau 19h,4.Khác,Nhang Hiệp Hưng,47,25,NTB,0,W24,Nguyễn Duy Long,2.Tạo từ 19h-9h,47
Lâm Đồng,Bưu Cục Cao Bá Quát-Phường 7-Đà Lạt-Lâm Đồng,2026-06-14,2.Tạo từ 9h-19h,1.Gan_tre,Langfarm - Đặc Sản Chất Lượng,3,25,NTB,0,W24,Lê Minh Đại,1.Tạo từ 9h-19h,3
Khánh Hòa,Bưu Cục 39 Hùng Vương-Diên Khánh-Khánh Hòa,2026-06-14,3.Tạo sau 19h,4.Khác,LuluBoutique1,2,25,NTB,0,W24,Nguyễn Hoàng Phi,2.Tạo từ 19h-9h,2
Lâm Đồng,Bưu cục Ngô Thỳ Sỹ-Đà Lạt-Lâm Đồng,2026-06-14,3.Tạo sau 19h,4.Khác,ĐẶC SẢN XỨ ĐÀ LẠT,6,25,NTB,0,W24,Lê Minh Đại,2.Tạo từ 19h-9h,6
Bình Thuận,Bưu Cục Phú Thủy-Phan Thiết-Bình Thuận,2026-06-14,2.Tạo từ 9h-19h,0.Ontime OPR,Pin Duy Lập,7,25,NTB,7,W24,Nguyễn Ngọc Khánh,1.Tạo từ 9h-19h,0
Bình Thuận,Bưu Cục Xã Nam Chính-Đức Linh-Bình Thuận,2026-06-14,2.Tạo từ 9h-19h,0.Ontime OPR,Cốt Bí Xanh Detox Vip,4,25,NTB,4,W24,Huỳnh Tấn Hiền,1.Tạo từ 9h-19h,0
Ninh Thuận,Bưu Cục 51 Phạm Ngọc Thạch-Ninh Hải-Ninh Thuận,2026-06-14,1.Tạo trước 9h,4.Khác,Nhà Thuốc Hoài Mơ,1,25,NTB,0,W24,Nguyễn Duy Long,2.Tạo từ 19h-9h,1
Khánh Hòa,Bưu Cục Tổ Dân Phố 2-Ninh Hoà-Khánh Hoà,2026-06-14,3.Tạo sau 19h,0.Ontime OPR,Yumi Mall,7,25,NTB,7,W24,Phạm Bá Thành Công,2.Tạo từ 19h-9h,0
Bình Thuận,Bưu Cục Xã Nam Chính-Đức Linh-Bình Thuận,2026-06-14,2.Tạo từ 9h-19h,0.Ontime OPR,Đình Phong store 2,26,25,NTB,26,W24,Huỳnh Tấn Hiền,1.Tạo từ 9h-19h,0
Khánh Hòa,Bưu Cục Tổ Dân Phố 2-Ninh Hoà-Khánh Hoà,2026-06-14,2.Tạo từ 9h-19h,0.Ontime OPR,gas tý nhân,2,25,NTB,2,W24,Phạm Bá Thành Công,1.Tạo từ 9h-19h,0
Bình Thuận,Bưu Cục Xã Nam Chính-Đức Linh-Bình Thuận,2026-06-14,1.Tạo trước 9h,0.Ontime OPR,LY ĐẶNG X7,7,25,NTB,7,W24,Huỳnh Tấn Hiền,2.Tạo từ 19h-9h,0
Bình Thuận,Bưu Cục Xã Nam Chính-Đức Linh-Bình Thuận,2026-06-14,2.Tạo từ 9h-19h,0.Ontime OPR,LY ĐẶNG X7,4,25,NTB,4,W24,Huỳnh Tấn Hiền,1.Tạo từ 9h-19h,0
Khánh Hòa,Bưu Cục Đường Tỉnh Lộ 10-Xã Diên Thọ-Khánh Hòa,2026-06-14,2.Tạo từ 9h-19h,0.Ontime OPR,Quầy thuốc Y Đức,2,25,NTB,2,W24,Nguyễn Hoàng Phi,1.Tạo từ 9h-19h,0
Bình Thuận,Bưu Cục 237 Nguyễn Tất Thành-Bắc Bình-Bình Thuận,2026-06-14,2.Tạo từ 9h-19h,0.Ontime OPR,Shop lê cao anh Tuấn,1,25,NTB,1,W24,Nguyễn Ngọc Khánh,1.Tạo từ 9h-19h,0
Ninh Thuận,Bưu Cục Quốc Lộ 1A-Ninh Phước-Ninh Thuận,2026-06-14,3.Tạo sau 19h,4.Khác,Nguyễn Hoà 1,1,25,NTB,0,W24,Nguyễn Duy Long,2.Tạo từ 19h-9h,1
Khánh Hòa,Bưu Cục Thôn Phú An Nam 2-Xã Diên Khánh-Khánh Hòa,2026-06-14,2.Tạo từ 9h-19h,0.Ontime OPR,HI MON Food . Ăn Là Ghiền,2,25,NTB,2,W24,Nguyễn Hoàng Phi,1.Tạo từ 9h-19h,0
Ninh Thuận,Bưu Cục Quốc Lộ 1A-Ninh Phước-Ninh Thuận,2026-06-14,1.Tạo trước 9h,4.Khác,Trại Nho Giống Hoàng Thi,1,25,NTB,0,W24,Nguyễn Duy Long,2.Tạo từ 19h-9h,1